{"cameraMode":{"drawMode":0,"name":"Shaded","section":"Shading Mode"},"sceneLighting":true,"audioPlay":false,"sceneViewState":{"showFog":true,"showMaterialUpdate":false,"showSkybox":true,"showFlares":true,"showImageEffects":true,"showParticleSystems":true},"in2DMode":false,"pivot":{"x":4.592190265655518,"y":2.798708200454712,"z":-1.1070775985717774},"rotation":{"x":0.04514382407069206,"y":0.8709819316864014,"z":-0.08150740712881088,"w":0.4824011027812958},"size":53.599037170410159,"orthographic":false}