{"cameraMode":{"drawMode":0,"name":"Shaded","section":"Shading Mode"},"sceneLighting":true,"audioPlay":false,"sceneViewState":{"showFog":true,"showMaterialUpdate":false,"showSkybox":true,"showFlares":true,"showImageEffects":true,"showParticleSystems":true},"in2DMode":false,"pivot":{"x":26.535871505737306,"y":-12.419696807861329,"z":16.00551986694336},"rotation":{"x":0.317453533411026,"y":0.6292684674263,"z":-0.314044713973999,"w":0.6360993981361389},"size":89.68701171875,"orthographic":false}