{"cameraMode":{"drawMode":0,"name":"Shaded","section":"Shading Mode"},"sceneLighting":false,"audioPlay":false,"sceneViewState":{"showFog":true,"showMaterialUpdate":false,"showSkybox":false,"showFlares":true,"showImageEffects":true,"showParticleSystems":true},"in2DMode":false,"pivot":{"x":-0.3936009407043457,"y":4.210909843444824,"z":-3.2350730895996095},"rotation":{"x":0.5372932553291321,"y":-0.27982765436172488,"z":0.1949102133512497,"w":0.7713773250579834},"size":12.377323150634766,"orthographic":false}