{"cameraMode":{"drawMode":0,"name":"Shaded","section":"Shading Mode"},"sceneLighting":true,"audioPlay":false,"sceneViewState":{"showFog":true,"showMaterialUpdate":false,"showSkybox":false,"showFlares":true,"showImageEffects":true,"showParticleSystems":true},"in2DMode":false,"pivot":{"x":0.00299835205078125,"y":9.3388671875,"z":0.10642051696777344},"rotation":{"x":-0.16263513267040254,"y":0.8063088655471802,"z":-0.2590023875236511,"w":-0.5063008666038513},"size":87.3860855102539,"orthographic":false}