{"cameraMode":{"drawMode":0,"name":"Shaded","section":"Shading Mode"},"sceneLighting":true,"audioPlay":false,"sceneViewState":{"showFog":true,"showMaterialUpdate":false,"showSkybox":true,"showFlares":true,"showImageEffects":true,"showParticleSystems":true},"in2DMode":false,"pivot":{"x":1.8095159530639649,"y":1.799269676208496,"z":0.47717559337615969},"rotation":{"x":0.2511831820011139,"y":0.6374698877334595,"z":-0.2318987250328064,"w":0.6904813647270203},"size":11.775291442871094,"orthographic":false}